filename,file_size,file_attributes,region_count,region_id,region_shape_attributes,region_attributes,age,gender
im128.png,1869,"{'gender': 'female', 'age': 'young'}",0,0,{},{},young,female
im129.png,1826,"{'gender': 'female', 'age': 'young'}",0,0,{},{},young,female
im130.png,1894,"{'gender': 'female', 'age': 'young'}",0,0,{},{},young,female
im131.png,1890,"{'gender': 'male', 'age': 'young'}",0,0,{},{},young,male
im132.png,1711,"{'gender': 'female', 'age': 'young'}",0,0,{},{},young,female
im133.png,1842,"{'gender': 'male', 'age': 'old'}",0,0,{},{},old,male
im134.png,1493,"{'gender': 'male', 'age': 'young'}",0,0,{},{},young,male
im135.png,1622,"{'gender': 'female', 'age': 'young'}",0,0,{},{},young,female
im136.png,1711,"{'gender': 'male', 'age': 'young'}",0,0,{},{},young,male
im137.png,1748,"{'gender': 'male', 'age': 'old'}",0,0,{},{},old,male
im139.png,1745,"{'gender': 'male', 'age': 'young'}",0,0,{},{},young,male
im140.png,1736,"{'gender': 'male', 'age': 'young'}",0,0,{},{},young,male
im141.png,1768,"{'gender': 'female', 'age': 'young'}",0,0,{},{},young,female
im142.png,1657,"{'gender': 'male', 'age': 'young'}",0,0,{},{},young,male
im143.png,1564,"{'gender': 'female', 'age': 'young'}",0,0,{},{},young,female
im144.png,1792,"{'gender': 'female', 'age': 'young'}",0,0,{},{},young,female
im145.png,1714,"{'gender': 'female', 'age': 'young'}",0,0,{},{},young,female
im146.png,1962,"{'gender': 'female', 'age': 'old'}",0,0,{},{},old,female
im147.png,1825,"{'gender': 'male', 'age': 'old'}",0,0,{},{},old,male
im148.png,1805,"{'gender': 'male', 'age': 'young'}",0,0,{},{},young,male
im149.png,1832,"{'gender': 'female', 'age': 'young'}",0,0,{},{},young,female
im150.png,1618,"{'gender': 'male', 'age': 'young'}",0,0,{},{},young,male
im151.png,1807,"{'gender': 'female', 'age': 'young'}",0,0,{},{},young,female
im152.png,2002,"{'gender': 'female', 'age': 'young'}",0,0,{},{},young,female
im153.png,1703,"{'gender': 'female', 'age': 'young'}",0,0,{},{},young,female
im154.png,1786,"{'gender': 'male', 'age': 'young'}",0,0,{},{},young,male
im156.png,1895,"{'gender': 'female', 'age': 'old'}",0,0,{},{},old,female
im157.png,1838,"{'gender': 'female', 'age': 'young'}",0,0,{},{},young,female
im158.png,1906,"{'gender': 'male', 'age': 'old'}",0,0,{},{},old,male
im161.png,1518,"{'gender': 'male', 'age': 'young'}",0,0,{},{},young,male
im163.png,1876,"{'gender': 'female', 'age': 'young'}",0,0,{},{},young,female
im164.png,1701,"{'gender': 'female', 'age': 'old'}",0,0,{},{},old,female
im165.png,1744,"{'gender': 'male', 'age': 'young'}",0,0,{},{},young,male
im166.png,1694,"{'gender': 'female', 'age': 'young'}",0,0,{},{},young,female
im167.png,1864,"{'gender': 'female', 'age': 'young'}",0,0,{},{},young,female
im169.png,1748,"{'gender': 'female', 'age': 'young'}",0,0,{},{},young,female
im170.png,1568,"{'gender': 'female', 'age': 'young'}",0,0,{},{},young,female
im172.png,1746,"{'gender': 'male', 'age': 'young'}",0,0,{},{},young,male
im173.png,1778,"{'gender': 'female', 'age': 'young'}",0,0,{},{},young,female
im174.png,1771,"{'gender': 'female', 'age': 'young'}",0,0,{},{},young,female
im175.png,1719,"{'gender': 'female', 'age': 'young'}",0,0,{},{},young,female
im176.png,1942,"{'gender': 'female', 'age': 'young'}",0,0,{},{},young,female
im177.png,1802,"{'gender': 'male', 'age': 'young'}",0,0,{},{},young,male
im178.png,1688,"{'gender': 'female', 'age': 'young'}",0,0,{},{},young,female
im179.png,1832,"{'gender': 'male', 'age': 'young'}",0,0,{},{},young,male
im180.png,1944,"{'gender': 'female', 'age': 'young'}",0,0,{},{},young,female
im181.png,1720,"{'gender': 'male', 'age': 'old'}",0,0,{},{},old,male
im182.png,1667,"{'gender': 'female', 'age': 'young'}",0,0,{},{},young,female
im183.png,1651,"{'gender': 'male', 'age': 'young'}",0,0,{},{},young,male
im185.png,1757,"{'gender': 'female', 'age': 'young'}",0,0,{},{},young,female
im187.png,1943,"{'gender': 'male', 'age': 'young'}",0,0,{},{},young,male
im188.png,1667,"{'gender': 'male', 'age': 'old'}",0,0,{},{},old,male
im190.png,1728,"{'gender': 'male', 'age': 'young'}",0,0,{},{},young,male
im191.png,1956,"{'gender': 'female', 'age': 'young'}",0,0,{},{},young,female
im192.png,1559,"{'gender': 'female', 'age': 'young'}",0,0,{},{},young,female
im193.png,1767,"{'gender': 'male', 'age': 'young'}",0,0,{},{},young,male
im194.png,1637,"{'gender': 'male', 'age': 'old'}",0,0,{},{},old,male
im196.png,1884,"{'gender': 'male', 'age': 'old'}",0,0,{},{},old,male
im197.png,1797,"{'gender': 'male', 'age': 'young'}",0,0,{},{},young,male
im198.png,1779,"{'gender': 'male', 'age': 'old'}",0,0,{},{},old,male
im199.png,1748,"{'gender': 'female', 'age': 'young'}",0,0,{},{},young,female
im200.png,1755,"{'gender': 'female', 'age': 'young'}",0,0,{},{},young,female
im201.png,1899,"{'gender': 'male', 'age': 'young'}",0,0,{},{},young,male
im202.png,1816,"{'gender': 'male', 'age': 'young'}",0,0,{},{},young,male
im203.png,1635,"{'gender': 'male', 'age': 'young'}",0,0,{},{},young,male
im205.png,1813,"{'gender': 'female', 'age': 'young'}",0,0,{},{},young,female
im206.png,1791,"{'gender': 'female', 'age': 'young'}",0,0,{},{},young,female
im208.png,1710,"{'gender': 'male', 'age': 'old'}",0,0,{},{},old,male
im209.png,1774,"{'gender': 'male', 'age': 'young'}",0,0,{},{},young,male
im211.png,1565,"{'age': 'young', 'gender': 'male'}",0,0,{},{},young,male
im212.png,1605,"{'gender': 'female', 'age': 'young'}",0,0,{},{},young,female
im213.png,1687,"{'gender': 'male', 'age': 'old'}",0,0,{},{},old,male
im214.png,1646,"{'gender': 'male', 'age': 'young'}",0,0,{},{},young,male
im215.png,1681,"{'gender': 'male', 'age': 'young'}",0,0,{},{},young,male
im216.png,1631,"{'gender': 'male', 'age': 'young'}",0,0,{},{},young,male
im217.png,1858,"{'gender': 'male', 'age': 'young'}",0,0,{},{},young,male
im218.png,1873,"{'gender': 'male', 'age': 'young'}",0,0,{},{},young,male
im219.png,1748,"{'gender': 'female', 'age': 'young'}",0,0,{},{},young,female
im221.png,1847,"{'gender': 'female', 'age': 'young'}",0,0,{},{},young,female
im222.png,1823,"{'gender': 'male', 'age': 'young'}",0,0,{},{},young,male
im223.png,1719,"{'gender': 'male', 'age': 'young'}",0,0,{},{},young,male
im225.png,1974,"{'gender': 'female', 'age': 'young'}",0,0,{},{},young,female
im226.png,1797,"{'gender': 'male', 'age': 'young'}",0,0,{},{},young,male
im227.png,1898,"{'gender': 'female', 'age': 'young'}",0,0,{},{},young,female
im228.png,1563,"{'gender': 'female', 'age': 'young'}",0,0,{},{},young,female
im229.png,1863,"{'gender': 'female', 'age': 'young'}",0,0,{},{},young,female
im230.png,1597,"{'gender': 'male', 'age': 'young'}",0,0,{},{},young,male
im231.png,1830,"{'gender': 'male', 'age': 'young'}",0,0,{},{},young,male
im232.png,1578,"{'gender': 'male', 'age': 'young'}",0,0,{},{},young,male
im233.png,1896,"{'gender': 'female', 'age': 'young'}",0,0,{},{},young,female
im234.png,1799,"{'gender': 'male', 'age': 'young'}",0,0,{},{},young,male
im235.png,1667,"{'gender': 'male', 'age': 'old'}",0,0,{},{},old,male
im236.png,1733,"{'gender': 'female', 'age': 'young'}",0,0,{},{},young,female
im237.png,1714,"{'gender': 'male', 'age': 'young'}",0,0,{},{},young,male
im238.png,1887,"{'gender': 'female', 'age': 'young'}",0,0,{},{},young,female
im239.png,1731,"{'gender': 'female', 'age': 'young'}",0,0,{},{},young,female
im240.png,1538,"{'gender': 'female', 'age': 'old'}",0,0,{},{},old,female
im241.png,1928,"{'gender': 'male', 'age': 'old'}",0,0,{},{},old,male
im242.png,1777,"{'gender': 'male', 'age': 'young'}",0,0,{},{},young,male
im243.png,1740,"{'age': 'young', 'gender': 'male'}",0,0,{},{},young,male
im244.png,1827,"{'gender': 'male', 'age': 'young'}",0,0,{},{},young,male
im245.png,1635,"{'gender': 'female', 'age': 'young'}",0,0,{},{},young,female
im246.png,1700,"{'gender': 'female', 'age': 'young'}",0,0,{},{},young,female
im247.png,1764,"{'gender': 'female', 'age': 'young'}",0,0,{},{},young,female
im248.png,1564,"{'gender': 'female', 'age': 'young'}",0,0,{},{},young,female
im249.png,1698,"{'gender': 'male', 'age': 'young'}",0,0,{},{},young,male
im250.png,1768,"{'gender': 'female', 'age': 'young'}",0,0,{},{},young,female
im251.png,1542,"{'gender': 'male', 'age': 'old'}",0,0,{},{},old,male
im252.png,1922,"{'gender': 'male', 'age': 'young'}",0,0,{},{},young,male
im253.png,1862,"{'age': 'young', 'gender': 'female'}",0,0,{},{},young,female
im254.png,1841,"{'gender': 'female', 'age': 'old'}",0,0,{},{},old,female
im255.png,1867,"{'gender': 'female', 'age': 'old'}",0,0,{},{},old,female
im256.png,1761,"{'gender': 'female', 'age': 'young'}",0,0,{},{},young,female
im257.png,1699,"{'gender': 'male', 'age': 'young'}",0,0,{},{},young,male
im258.png,1757,"{'gender': 'female', 'age': 'young'}",0,0,{},{},young,female
im259.png,1833,"{'gender': 'male', 'age': 'old'}",0,0,{},{},old,male
im260.png,1765,"{'gender': 'female', 'age': 'young'}",0,0,{},{},young,female
im261.png,1704,"{'gender': 'male', 'age': 'old'}",0,0,{},{},old,male
im262.png,1700,"{'gender': 'male', 'age': 'young'}",0,0,{},{},young,male
im263.png,1630,"{'gender': 'male', 'age': 'old'}",0,0,{},{},old,male
im264.png,1814,"{'gender': 'male', 'age': 'young'}",0,0,{},{},young,male
im265.png,1698,"{'gender': 'male', 'age': 'young'}",0,0,{},{},young,male
im266.png,1853,"{'gender': 'female', 'age': 'young'}",0,0,{},{},young,female
im267.png,1854,"{'gender': 'female', 'age': 'young'}",0,0,{},{},young,female
im268.png,1810,"{'gender': 'male', 'age': 'young'}",0,0,{},{},young,male
im269.png,1822,"{'gender': 'female', 'age': 'young'}",0,0,{},{},young,female
im270.png,1792,"{'gender': 'male', 'age': 'young'}",0,0,{},{},young,male
im271.png,1812,"{'gender': 'male', 'age': 'old'}",0,0,{},{},old,male
im272.png,1872,"{'gender': 'female', 'age': 'young'}",0,0,{},{},young,female
im273.png,1663,"{'gender': 'female', 'age': 'young'}",0,0,{},{},young,female
im274.png,1729,{'gender': 'female'},0,0,{},{},,female
im275.png,1862,"{'gender': 'female', 'age': 'young'}",0,0,{},{},young,female
im276.png,1710,"{'gender': 'female', 'age': 'young'}",0,0,{},{},young,female
im277.png,1803,"{'gender': 'female', 'age': 'young'}",0,0,{},{},young,female
im278.png,1722,"{'gender': 'male', 'age': 'old'}",0,0,{},{},old,male
im279.png,1756,"{'gender': 'male', 'age': 'young'}",0,0,{},{},young,male
im280.png,1588,"{'gender': 'female', 'age': 'young'}",0,0,{},{},young,female
im281.png,1621,"{'gender': 'male', 'age': 'young'}",0,0,{},{},young,male
im282.png,1812,"{'gender': 'male', 'age': 'young'}",0,0,{},{},young,male
im283.png,1685,"{'gender': 'female', 'age': 'young'}",0,0,{},{},young,female
im284.png,1578,"{'gender': 'male', 'age': 'young'}",0,0,{},{},young,male
im285.png,1854,"{'gender': 'male', 'age': 'old'}",0,0,{},{},old,male
im286.png,1806,"{'gender': 'male', 'age': 'old'}",0,0,{},{},old,male
im287.png,1603,"{'gender': 'male', 'age': 'young'}",0,0,{},{},young,male
im289.png,1838,"{'gender': 'male', 'age': 'old'}",0,0,{},{},old,male
im290.png,1681,"{'gender': 'female', 'age': 'old'}",0,0,{},{},old,female
im291.png,1773,"{'gender': 'female', 'age': 'young'}",0,0,{},{},young,female
im292.png,1798,"{'gender': 'male', 'age': 'young'}",0,0,{},{},young,male
im293.png,1712,"{'gender': 'female', 'age': 'old'}",0,0,{},{},old,female
im294.png,1817,"{'gender': 'female', 'age': 'old'}",0,0,{},{},old,female
im295.png,1841,"{'gender': 'female', 'age': 'young'}",0,0,{},{},young,female
im296.png,1929,"{'gender': 'male', 'age': 'old'}",0,0,{},{},old,male
im297.png,1487,"{'gender': 'male', 'age': 'young'}",0,0,{},{},young,male
im298.png,1798,"{'gender': 'male', 'age': 'old'}",0,0,{},{},old,male
im299.png,1792,"{'gender': 'female', 'age': 'young'}",0,0,{},{},young,female
im300.png,1761,"{'age': 'young', 'gender': 'male'}",0,0,{},{},young,male
im301.png,1696,"{'gender': 'male', 'age': 'old'}",0,0,{},{},old,male
im302.png,1858,"{'gender': 'male', 'age': 'young'}",0,0,{},{},young,male
im303.png,1857,"{'gender': 'female', 'age': 'young'}",0,0,{},{},young,female
im304.png,1601,"{'gender': 'male', 'age': 'young'}",0,0,{},{},young,male
im305.png,1888,"{'gender': 'female', 'age': 'young'}",0,0,{},{},young,female
im306.png,1698,"{'gender': 'female', 'age': 'young'}",0,0,{},{},young,female
im307.png,1807,"{'gender': 'female', 'age': 'young'}",0,0,{},{},young,female
im308.png,1831,"{'gender': 'male', 'age': 'young'}",0,0,{},{},young,male
im309.png,1579,"{'gender': 'male', 'age': 'young'}",0,0,{},{},young,male
im310.png,1992,"{'gender': 'male', 'age': 'old'}",0,0,{},{},old,male
im311.png,1687,"{'gender': 'male', 'age': 'young'}",0,0,{},{},young,male
im312.png,1874,"{'gender': 'female', 'age': 'young'}",0,0,{},{},young,female
im313.png,1762,"{'gender': 'male', 'age': 'old'}",0,0,{},{},old,male
im314.png,1857,"{'gender': 'male', 'age': 'old'}",0,0,{},{},old,male
im315.png,1723,"{'gender': 'female', 'age': 'young'}",0,0,{},{},young,female
im316.png,1790,"{'gender': 'male', 'age': 'young'}",0,0,{},{},young,male
im317.png,1796,"{'gender': 'female', 'age': 'young'}",0,0,{},{},young,female
im318.png,1645,"{'gender': 'female', 'age': 'young'}",0,0,{},{},young,female
im319.png,1765,"{'gender': 'male', 'age': 'old'}",0,0,{},{},old,male
im320.png,1692,"{'gender': 'female', 'age': 'young'}",0,0,{},{},young,female
im321.png,1730,"{'gender': 'female', 'age': 'old'}",0,0,{},{},old,female
im322.png,1623,"{'gender': 'male', 'age': 'old'}",0,0,{},{},old,male
im323.png,1858,"{'gender': 'female', 'age': 'young'}",0,0,{},{},young,female
im324.png,1759,"{'gender': 'male', 'age': 'young'}",0,0,{},{},young,male
im325.png,1750,"{'gender': 'male', 'age': 'young'}",0,0,{},{},young,male
im326.png,1778,"{'gender': 'female', 'age': 'young'}",0,0,{},{},young,female
im327.png,1781,"{'gender': 'male', 'age': 'young'}",0,0,{},{},young,male
im328.png,1462,"{'gender': 'male', 'age': 'young'}",0,0,{},{},young,male
im329.png,1795,"{'gender': 'male', 'age': 'young'}",0,0,{},{},young,male
im330.png,1749,"{'gender': 'female', 'age': 'young'}",0,0,{},{},young,female
im332.png,1714,"{'gender': 'female', 'age': 'young'}",0,0,{},{},young,female
im333.png,1743,"{'gender': 'female', 'age': 'young'}",0,0,{},{},young,female
im334.png,1689,"{'gender': 'male', 'age': 'young'}",0,0,{},{},young,male
im335.png,1729,"{'gender': 'male', 'age': 'young'}",0,0,{},{},young,male
im336.png,1709,"{'gender': 'female', 'age': 'young'}",0,0,{},{},young,female
im337.png,1819,"{'gender': 'male', 'age': 'young'}",0,0,{},{},young,male
im338.png,1757,"{'gender': 'female', 'age': 'young'}",0,0,{},{},young,female
im339.png,1804,"{'gender': 'male', 'age': 'young'}",0,0,{},{},young,male
im340.png,1633,"{'gender': 'female', 'age': 'young'}",0,0,{},{},young,female
im341.png,1811,"{'gender': 'male', 'age': 'old'}",0,0,{},{},old,male
im342.png,1619,"{'gender': 'female', 'age': 'young'}",0,0,{},{},young,female
im343.png,1770,"{'gender': 'female', 'age': 'young'}",0,0,{},{},young,female
im344.png,1562,"{'gender': 'female', 'age': 'young'}",0,0,{},{},young,female
im345.png,1908,"{'gender': 'female', 'age': 'old'}",0,0,{},{},old,female
im346.png,1760,"{'gender': 'female', 'age': 'young'}",0,0,{},{},young,female
im347.png,1830,"{'gender': 'male', 'age': 'old'}",0,0,{},{},old,male
im348.png,1462,"{'gender': 'female', 'age': 'young'}",0,0,{},{},young,female
im349.png,1737,"{'gender': 'male', 'age': 'young'}",0,0,{},{},young,male
im350.png,1656,"{'gender': 'male', 'age': 'old'}",0,0,{},{},old,male
im351.png,1666,"{'gender': 'female', 'age': 'young'}",0,0,{},{},young,female
im352.png,1962,"{'gender': 'male', 'age': 'old'}",0,0,{},{},old,male
im353.png,1728,"{'gender': 'female', 'age': 'young'}",0,0,{},{},young,female
im354.png,1746,"{'gender': 'female', 'age': 'young'}",0,0,{},{},young,female
im355.png,1957,"{'gender': 'female', 'age': 'old'}",0,0,{},{},old,female
im356.png,1806,"{'gender': 'male', 'age': 'old'}",0,0,{},{},old,male
im357.png,1894,"{'gender': 'female', 'age': 'young'}",0,0,{},{},young,female
im358.png,1815,"{'gender': 'female', 'age': 'young'}",0,0,{},{},young,female
im359.png,1677,"{'gender': 'female', 'age': 'young'}",0,0,{},{},young,female
im360.png,1812,"{'gender': 'female', 'age': 'old'}",0,0,{},{},old,female
im361.png,1541,"{'gender': 'male', 'age': 'young'}",0,0,{},{},young,male
im362.png,1740,"{'gender': 'male', 'age': 'young'}",0,0,{},{},young,male
im363.png,1708,"{'gender': 'male', 'age': 'young'}",0,0,{},{},young,male
im364.png,1793,"{'gender': 'male', 'age': 'old'}",0,0,{},{},old,male
im365.png,1719,"{'gender': 'male', 'age': 'young'}",0,0,{},{},young,male
im366.png,1356,"{'gender': 'male', 'age': 'old'}",0,0,{},{},old,male
im367.png,1882,"{'gender': 'male', 'age': 'young'}",0,0,{},{},young,male
im368.png,1726,"{'gender': 'female', 'age': 'young'}",0,0,{},{},young,female
im369.png,1714,"{'gender': 'male', 'age': 'old'}",0,0,{},{},old,male
im370.png,1699,"{'gender': 'female', 'age': 'young'}",0,0,{},{},young,female
im371.png,1823,"{'gender': 'female', 'age': 'young'}",0,0,{},{},young,female
im372.png,1804,"{'gender': 'female', 'age': 'young'}",0,0,{},{},young,female
im373.png,1606,"{'gender': 'female', 'age': 'young'}",0,0,{},{},young,female
im374.png,1825,"{'gender': 'male', 'age': 'young'}",0,0,{},{},young,male
im375.png,1807,"{'gender': 'male', 'age': 'young'}",0,0,{},{},young,male
im376.png,1887,"{'gender': 'male', 'age': 'old'}",0,0,{},{},old,male
im377.png,1803,"{'gender': 'female', 'age': 'young'}",0,0,{},{},young,female
im378.png,1815,"{'gender': 'male', 'age': 'young'}",0,0,{},{},young,male
im379.png,1802,"{'gender': 'female', 'age': 'young'}",0,0,{},{},young,female
im380.png,1599,"{'gender': 'male', 'age': 'old'}",0,0,{},{},old,male
im381.png,1761,"{'gender': 'female', 'age': 'young'}",0,0,{},{},young,female
im382.png,1596,"{'gender': 'female', 'age': 'young'}",0,0,{},{},young,female
im383.png,1812,"{'gender': 'female', 'age': 'young'}",0,0,{},{},young,female
im384.png,1817,"{'gender': 'female', 'age': 'young'}",0,0,{},{},young,female
im385.png,1820,"{'gender': 'female', 'age': 'young'}",0,0,{},{},young,female
im386.png,1829,"{'gender': 'male', 'age': 'old'}",0,0,{},{},old,male
im387.png,1946,"{'gender': 'male', 'age': 'old'}",0,0,{},{},old,male
im388.png,1611,"{'gender': 'male', 'age': 'young'}",0,0,{},{},young,male
im389.png,1679,"{'gender': 'male', 'age': 'young'}",0,0,{},{},young,male
im390.png,1769,"{'gender': 'female', 'age': 'young'}",0,0,{},{},young,female
im391.png,1932,"{'gender': 'male', 'age': 'young'}",0,0,{},{},young,male
im392.png,1743,"{'gender': 'male', 'age': 'young'}",0,0,{},{},young,male
im393.png,1761,"{'gender': 'male', 'age': 'young'}",0,0,{},{},young,male
im394.png,1856,"{'gender': 'male', 'age': 'young'}",0,0,{},{},young,male
im395.png,2054,"{'gender': 'female', 'age': 'young'}",0,0,{},{},young,female
im396.png,1872,"{'gender': 'male', 'age': 'young'}",0,0,{},{},young,male
im397.png,1822,"{'gender': 'female', 'age': 'young'}",0,0,{},{},young,female
im398.png,1707,"{'gender': 'male', 'age': 'young'}",0,0,{},{},young,male
im400.png,1885,"{'gender': 'male', 'age': 'young'}",0,0,{},{},young,male
im401.png,1828,"{'gender': 'male', 'age': 'young'}",0,0,{},{},young,male
im402.png,1683,"{'gender': 'female', 'age': 'young'}",0,0,{},{},young,female
im403.png,1783,"{'gender': 'female', 'age': 'young'}",0,0,{},{},young,female
im404.png,1810,"{'gender': 'female', 'age': 'young'}",0,0,{},{},young,female
im406.png,1771,"{'gender': 'female', 'age': 'young'}",0,0,{},{},young,female
im407.png,1770,"{'gender': 'female', 'age': 'young'}",0,0,{},{},young,female
im408.png,1829,"{'gender': 'male', 'age': 'old'}",0,0,{},{},old,male
im409.png,1741,"{'gender': 'female', 'age': 'young'}",0,0,{},{},young,female
im410.png,1762,"{'gender': 'female', 'age': 'young'}",0,0,{},{},young,female
im411.png,1608,"{'gender': 'male', 'age': 'old'}",0,0,{},{},old,male
im412.png,1891,"{'gender': 'female', 'age': 'young'}",0,0,{},{},young,female
im413.png,1815,"{'gender': 'female', 'age': 'young'}",0,0,{},{},young,female
im414.png,1465,"{'gender': 'male', 'age': 'young'}",0,0,{},{},young,male
im416.png,1600,"{'gender': 'female', 'age': 'young'}",0,0,{},{},young,female
im417.png,1701,"{'gender': 'male', 'age': 'young'}",0,0,{},{},young,male
im418.png,1371,"{'gender': 'male', 'age': 'old'}",0,0,{},{},old,male
im419.png,1624,"{'gender': 'female', 'age': 'young'}",0,0,{},{},young,female
im420.png,1918,"{'gender': 'male', 'age': 'young'}",0,0,{},{},young,male
im421.png,1718,"{'gender': 'male', 'age': 'old'}",0,0,{},{},old,male
im423.png,1785,"{'gender': 'female', 'age': 'young'}",0,0,{},{},young,female
im424.png,1721,"{'gender': 'female', 'age': 'young'}",0,0,{},{},young,female
im425.png,1942,"{'gender': 'male', 'age': 'young'}",0,0,{},{},young,male
im427.png,1881,"{'gender': 'male', 'age': 'old'}",0,0,{},{},old,male
im428.png,1718,"{'gender': 'female', 'age': 'young'}",0,0,{},{},young,female
im429.png,1613,"{'gender': 'female', 'age': 'young'}",0,0,{},{},young,female
im430.png,1734,"{'gender': 'female', 'age': 'young'}",0,0,{},{},young,female
im431.png,1711,"{'gender': 'female', 'age': 'young'}",0,0,{},{},young,female
im432.png,1911,"{'gender': 'female', 'age': 'young'}",0,0,{},{},young,female
im433.png,1618,"{'gender': 'female', 'age': 'young'}",0,0,{},{},young,female
im434.png,1802,"{'gender': 'female', 'age': 'young'}",0,0,{},{},young,female
im435.png,1838,"{'gender': 'male', 'age': 'young'}",0,0,{},{},young,male
im436.png,1616,"{'gender': 'female', 'age': 'young'}",0,0,{},{},young,female
im437.png,1460,"{'gender': 'male', 'age': 'young'}",0,0,{},{},young,male
im438.png,1776,"{'gender': 'female', 'age': 'young'}",0,0,{},{},young,female
im439.png,1796,"{'gender': 'female', 'age': 'young'}",0,0,{},{},young,female
im440.png,1665,"{'gender': 'female', 'age': 'old'}",0,0,{},{},old,female
im441.png,1724,"{'gender': 'female', 'age': 'young'}",0,0,{},{},young,female
im442.png,1724,"{'gender': 'male', 'age': 'young'}",0,0,{},{},young,male
im443.png,1755,"{'gender': 'female', 'age': 'young'}",0,0,{},{},young,female
im444.png,1627,"{'gender': 'male', 'age': 'young'}",0,0,{},{},young,male
im445.png,1594,"{'gender': 'male', 'age': 'young'}",0,0,{},{},young,male
im446.png,1593,"{'gender': 'female', 'age': 'young'}",0,0,{},{},young,female
im447.png,1764,"{'gender': 'female', 'age': 'old'}",0,0,{},{},old,female
im448.png,1716,"{'gender': 'male', 'age': 'old'}",0,0,{},{},old,male
im449.png,1709,"{'gender': 'female', 'age': 'young'}",0,0,{},{},young,female
im128_flipped.png,1869,"{'gender': 'female', 'age': 'young'}",0,0,{},{},young,female
im129_flipped.png,1826,"{'gender': 'female', 'age': 'young'}",0,0,{},{},young,female
im130_flipped.png,1894,"{'gender': 'female', 'age': 'young'}",0,0,{},{},young,female
im131_flipped.png,1890,"{'gender': 'male', 'age': 'young'}",0,0,{},{},young,male
im132_flipped.png,1711,"{'gender': 'female', 'age': 'young'}",0,0,{},{},young,female
im133_flipped.png,1842,"{'gender': 'male', 'age': 'old'}",0,0,{},{},old,male
im134_flipped.png,1493,"{'gender': 'male', 'age': 'young'}",0,0,{},{},young,male
im135_flipped.png,1622,"{'gender': 'female', 'age': 'young'}",0,0,{},{},young,female
im136_flipped.png,1711,"{'gender': 'male', 'age': 'young'}",0,0,{},{},young,male
im137_flipped.png,1748,"{'gender': 'male', 'age': 'old'}",0,0,{},{},old,male
im139_flipped.png,1745,"{'gender': 'male', 'age': 'young'}",0,0,{},{},young,male
im140_flipped.png,1736,"{'gender': 'male', 'age': 'young'}",0,0,{},{},young,male
im141_flipped.png,1768,"{'gender': 'female', 'age': 'young'}",0,0,{},{},young,female
im142_flipped.png,1657,"{'gender': 'male', 'age': 'young'}",0,0,{},{},young,male
im143_flipped.png,1564,"{'gender': 'female', 'age': 'young'}",0,0,{},{},young,female
im144_flipped.png,1792,"{'gender': 'female', 'age': 'young'}",0,0,{},{},young,female
im145_flipped.png,1714,"{'gender': 'female', 'age': 'young'}",0,0,{},{},young,female
im146_flipped.png,1962,"{'gender': 'female', 'age': 'old'}",0,0,{},{},old,female
im147_flipped.png,1825,"{'gender': 'male', 'age': 'old'}",0,0,{},{},old,male
im148_flipped.png,1805,"{'gender': 'male', 'age': 'young'}",0,0,{},{},young,male
im149_flipped.png,1832,"{'gender': 'female', 'age': 'young'}",0,0,{},{},young,female
im150_flipped.png,1618,"{'gender': 'male', 'age': 'young'}",0,0,{},{},young,male
im151_flipped.png,1807,"{'gender': 'female', 'age': 'young'}",0,0,{},{},young,female
im152_flipped.png,2002,"{'gender': 'female', 'age': 'young'}",0,0,{},{},young,female
im153_flipped.png,1703,"{'gender': 'female', 'age': 'young'}",0,0,{},{},young,female
im154_flipped.png,1786,"{'gender': 'male', 'age': 'young'}",0,0,{},{},young,male
im156_flipped.png,1895,"{'gender': 'female', 'age': 'old'}",0,0,{},{},old,female
im157_flipped.png,1838,"{'gender': 'female', 'age': 'young'}",0,0,{},{},young,female
im158_flipped.png,1906,"{'gender': 'male', 'age': 'old'}",0,0,{},{},old,male
im161_flipped.png,1518,"{'gender': 'male', 'age': 'young'}",0,0,{},{},young,male
im163_flipped.png,1876,"{'gender': 'female', 'age': 'young'}",0,0,{},{},young,female
im164_flipped.png,1701,"{'gender': 'female', 'age': 'old'}",0,0,{},{},old,female
im165_flipped.png,1744,"{'gender': 'male', 'age': 'young'}",0,0,{},{},young,male
im166_flipped.png,1694,"{'gender': 'female', 'age': 'young'}",0,0,{},{},young,female
im167_flipped.png,1864,"{'gender': 'female', 'age': 'young'}",0,0,{},{},young,female
im169_flipped.png,1748,"{'gender': 'female', 'age': 'young'}",0,0,{},{},young,female
im170_flipped.png,1568,"{'gender': 'female', 'age': 'young'}",0,0,{},{},young,female
im172_flipped.png,1746,"{'gender': 'male', 'age': 'young'}",0,0,{},{},young,male
im173_flipped.png,1778,"{'gender': 'female', 'age': 'young'}",0,0,{},{},young,female
im174_flipped.png,1771,"{'gender': 'female', 'age': 'young'}",0,0,{},{},young,female
im175_flipped.png,1719,"{'gender': 'female', 'age': 'young'}",0,0,{},{},young,female
im176_flipped.png,1942,"{'gender': 'female', 'age': 'young'}",0,0,{},{},young,female
im177_flipped.png,1802,"{'gender': 'male', 'age': 'young'}",0,0,{},{},young,male
im178_flipped.png,1688,"{'gender': 'female', 'age': 'young'}",0,0,{},{},young,female
im179_flipped.png,1832,"{'gender': 'male', 'age': 'young'}",0,0,{},{},young,male
im180_flipped.png,1944,"{'gender': 'female', 'age': 'young'}",0,0,{},{},young,female
im181_flipped.png,1720,"{'gender': 'male', 'age': 'old'}",0,0,{},{},old,male
im182_flipped.png,1667,"{'gender': 'female', 'age': 'young'}",0,0,{},{},young,female
im183_flipped.png,1651,"{'gender': 'male', 'age': 'young'}",0,0,{},{},young,male
im185_flipped.png,1757,"{'gender': 'female', 'age': 'young'}",0,0,{},{},young,female
im187_flipped.png,1943,"{'gender': 'male', 'age': 'young'}",0,0,{},{},young,male
im188_flipped.png,1667,"{'gender': 'male', 'age': 'old'}",0,0,{},{},old,male
im190_flipped.png,1728,"{'gender': 'male', 'age': 'young'}",0,0,{},{},young,male
im191_flipped.png,1956,"{'gender': 'female', 'age': 'young'}",0,0,{},{},young,female
im192_flipped.png,1559,"{'gender': 'female', 'age': 'young'}",0,0,{},{},young,female
im193_flipped.png,1767,"{'gender': 'male', 'age': 'young'}",0,0,{},{},young,male
im194_flipped.png,1637,"{'gender': 'male', 'age': 'old'}",0,0,{},{},old,male
im196_flipped.png,1884,"{'gender': 'male', 'age': 'old'}",0,0,{},{},old,male
im197_flipped.png,1797,"{'gender': 'male', 'age': 'young'}",0,0,{},{},young,male
im198_flipped.png,1779,"{'gender': 'male', 'age': 'old'}",0,0,{},{},old,male
im199_flipped.png,1748,"{'gender': 'female', 'age': 'young'}",0,0,{},{},young,female
im200_flipped.png,1755,"{'gender': 'female', 'age': 'young'}",0,0,{},{},young,female
im201_flipped.png,1899,"{'gender': 'male', 'age': 'young'}",0,0,{},{},young,male
im202_flipped.png,1816,"{'gender': 'male', 'age': 'young'}",0,0,{},{},young,male
im203_flipped.png,1635,"{'gender': 'male', 'age': 'young'}",0,0,{},{},young,male
im205_flipped.png,1813,"{'gender': 'female', 'age': 'young'}",0,0,{},{},young,female
im206_flipped.png,1791,"{'gender': 'female', 'age': 'young'}",0,0,{},{},young,female
im208_flipped.png,1710,"{'gender': 'male', 'age': 'old'}",0,0,{},{},old,male
im209_flipped.png,1774,"{'gender': 'male', 'age': 'young'}",0,0,{},{},young,male
im211_flipped.png,1565,"{'age': 'young', 'gender': 'male'}",0,0,{},{},young,male
im212_flipped.png,1605,"{'gender': 'female', 'age': 'young'}",0,0,{},{},young,female
im213_flipped.png,1687,"{'gender': 'male', 'age': 'old'}",0,0,{},{},old,male
im214_flipped.png,1646,"{'gender': 'male', 'age': 'young'}",0,0,{},{},young,male
im215_flipped.png,1681,"{'gender': 'male', 'age': 'young'}",0,0,{},{},young,male
im216_flipped.png,1631,"{'gender': 'male', 'age': 'young'}",0,0,{},{},young,male
im217_flipped.png,1858,"{'gender': 'male', 'age': 'young'}",0,0,{},{},young,male
im218_flipped.png,1873,"{'gender': 'male', 'age': 'young'}",0,0,{},{},young,male
im219_flipped.png,1748,"{'gender': 'female', 'age': 'young'}",0,0,{},{},young,female
im221_flipped.png,1847,"{'gender': 'female', 'age': 'young'}",0,0,{},{},young,female
im222_flipped.png,1823,"{'gender': 'male', 'age': 'young'}",0,0,{},{},young,male
im223_flipped.png,1719,"{'gender': 'male', 'age': 'young'}",0,0,{},{},young,male
im225_flipped.png,1974,"{'gender': 'female', 'age': 'young'}",0,0,{},{},young,female
im226_flipped.png,1797,"{'gender': 'male', 'age': 'young'}",0,0,{},{},young,male
im227_flipped.png,1898,"{'gender': 'female', 'age': 'young'}",0,0,{},{},young,female
im228_flipped.png,1563,"{'gender': 'female', 'age': 'young'}",0,0,{},{},young,female
im229_flipped.png,1863,"{'gender': 'female', 'age': 'young'}",0,0,{},{},young,female
im230_flipped.png,1597,"{'gender': 'male', 'age': 'young'}",0,0,{},{},young,male
im231_flipped.png,1830,"{'gender': 'male', 'age': 'young'}",0,0,{},{},young,male
im232_flipped.png,1578,"{'gender': 'male', 'age': 'young'}",0,0,{},{},young,male
im233_flipped.png,1896,"{'gender': 'female', 'age': 'young'}",0,0,{},{},young,female
im234_flipped.png,1799,"{'gender': 'male', 'age': 'young'}",0,0,{},{},young,male
im235_flipped.png,1667,"{'gender': 'male', 'age': 'old'}",0,0,{},{},old,male
im236_flipped.png,1733,"{'gender': 'female', 'age': 'young'}",0,0,{},{},young,female
im237_flipped.png,1714,"{'gender': 'male', 'age': 'young'}",0,0,{},{},young,male
im238_flipped.png,1887,"{'gender': 'female', 'age': 'young'}",0,0,{},{},young,female
im239_flipped.png,1731,"{'gender': 'female', 'age': 'young'}",0,0,{},{},young,female
im240_flipped.png,1538,"{'gender': 'female', 'age': 'old'}",0,0,{},{},old,female
im241_flipped.png,1928,"{'gender': 'male', 'age': 'old'}",0,0,{},{},old,male
im242_flipped.png,1777,"{'gender': 'male', 'age': 'young'}",0,0,{},{},young,male
im243_flipped.png,1740,"{'age': 'young', 'gender': 'male'}",0,0,{},{},young,male
im244_flipped.png,1827,"{'gender': 'male', 'age': 'young'}",0,0,{},{},young,male
im245_flipped.png,1635,"{'gender': 'female', 'age': 'young'}",0,0,{},{},young,female
im246_flipped.png,1700,"{'gender': 'female', 'age': 'young'}",0,0,{},{},young,female
im247_flipped.png,1764,"{'gender': 'female', 'age': 'young'}",0,0,{},{},young,female
im248_flipped.png,1564,"{'gender': 'female', 'age': 'young'}",0,0,{},{},young,female
im249_flipped.png,1698,"{'gender': 'male', 'age': 'young'}",0,0,{},{},young,male
im250_flipped.png,1768,"{'gender': 'female', 'age': 'young'}",0,0,{},{},young,female
im251_flipped.png,1542,"{'gender': 'male', 'age': 'old'}",0,0,{},{},old,male
im252_flipped.png,1922,"{'gender': 'male', 'age': 'young'}",0,0,{},{},young,male
im253_flipped.png,1862,"{'age': 'young', 'gender': 'female'}",0,0,{},{},young,female
im254_flipped.png,1841,"{'gender': 'female', 'age': 'old'}",0,0,{},{},old,female
im255_flipped.png,1867,"{'gender': 'female', 'age': 'old'}",0,0,{},{},old,female
im256_flipped.png,1761,"{'gender': 'female', 'age': 'young'}",0,0,{},{},young,female
im257_flipped.png,1699,"{'gender': 'male', 'age': 'young'}",0,0,{},{},young,male
im258_flipped.png,1757,"{'gender': 'female', 'age': 'young'}",0,0,{},{},young,female
im259_flipped.png,1833,"{'gender': 'male', 'age': 'old'}",0,0,{},{},old,male
im260_flipped.png,1765,"{'gender': 'female', 'age': 'young'}",0,0,{},{},young,female
im261_flipped.png,1704,"{'gender': 'male', 'age': 'old'}",0,0,{},{},old,male
im262_flipped.png,1700,"{'gender': 'male', 'age': 'young'}",0,0,{},{},young,male
im263_flipped.png,1630,"{'gender': 'male', 'age': 'old'}",0,0,{},{},old,male
im264_flipped.png,1814,"{'gender': 'male', 'age': 'young'}",0,0,{},{},young,male
im265_flipped.png,1698,"{'gender': 'male', 'age': 'young'}",0,0,{},{},young,male
im266_flipped.png,1853,"{'gender': 'female', 'age': 'young'}",0,0,{},{},young,female
im267_flipped.png,1854,"{'gender': 'female', 'age': 'young'}",0,0,{},{},young,female
im268_flipped.png,1810,"{'gender': 'male', 'age': 'young'}",0,0,{},{},young,male
im269_flipped.png,1822,"{'gender': 'female', 'age': 'young'}",0,0,{},{},young,female
im270_flipped.png,1792,"{'gender': 'male', 'age': 'young'}",0,0,{},{},young,male
im271_flipped.png,1812,"{'gender': 'male', 'age': 'old'}",0,0,{},{},old,male
im272_flipped.png,1872,"{'gender': 'female', 'age': 'young'}",0,0,{},{},young,female
im273_flipped.png,1663,"{'gender': 'female', 'age': 'young'}",0,0,{},{},young,female
im274_flipped.png,1729,{'gender': 'female'},0,0,{},{},,female
im275_flipped.png,1862,"{'gender': 'female', 'age': 'young'}",0,0,{},{},young,female
im276_flipped.png,1710,"{'gender': 'female', 'age': 'young'}",0,0,{},{},young,female
im277_flipped.png,1803,"{'gender': 'female', 'age': 'young'}",0,0,{},{},young,female
im278_flipped.png,1722,"{'gender': 'male', 'age': 'old'}",0,0,{},{},old,male
im279_flipped.png,1756,"{'gender': 'male', 'age': 'young'}",0,0,{},{},young,male
im280_flipped.png,1588,"{'gender': 'female', 'age': 'young'}",0,0,{},{},young,female
im281_flipped.png,1621,"{'gender': 'male', 'age': 'young'}",0,0,{},{},young,male
im282_flipped.png,1812,"{'gender': 'male', 'age': 'young'}",0,0,{},{},young,male
im283_flipped.png,1685,"{'gender': 'female', 'age': 'young'}",0,0,{},{},young,female
im284_flipped.png,1578,"{'gender': 'male', 'age': 'young'}",0,0,{},{},young,male
im285_flipped.png,1854,"{'gender': 'male', 'age': 'old'}",0,0,{},{},old,male
im286_flipped.png,1806,"{'gender': 'male', 'age': 'old'}",0,0,{},{},old,male
im287_flipped.png,1603,"{'gender': 'male', 'age': 'young'}",0,0,{},{},young,male
im289_flipped.png,1838,"{'gender': 'male', 'age': 'old'}",0,0,{},{},old,male
im290_flipped.png,1681,"{'gender': 'female', 'age': 'old'}",0,0,{},{},old,female
im291_flipped.png,1773,"{'gender': 'female', 'age': 'young'}",0,0,{},{},young,female
im292_flipped.png,1798,"{'gender': 'male', 'age': 'young'}",0,0,{},{},young,male
im293_flipped.png,1712,"{'gender': 'female', 'age': 'old'}",0,0,{},{},old,female
im294_flipped.png,1817,"{'gender': 'female', 'age': 'old'}",0,0,{},{},old,female
im295_flipped.png,1841,"{'gender': 'female', 'age': 'young'}",0,0,{},{},young,female
im296_flipped.png,1929,"{'gender': 'male', 'age': 'old'}",0,0,{},{},old,male
im297_flipped.png,1487,"{'gender': 'male', 'age': 'young'}",0,0,{},{},young,male
im298_flipped.png,1798,"{'gender': 'male', 'age': 'old'}",0,0,{},{},old,male
im299_flipped.png,1792,"{'gender': 'female', 'age': 'young'}",0,0,{},{},young,female
im300_flipped.png,1761,"{'age': 'young', 'gender': 'male'}",0,0,{},{},young,male
im301_flipped.png,1696,"{'gender': 'male', 'age': 'old'}",0,0,{},{},old,male
im302_flipped.png,1858,"{'gender': 'male', 'age': 'young'}",0,0,{},{},young,male
im303_flipped.png,1857,"{'gender': 'female', 'age': 'young'}",0,0,{},{},young,female
im304_flipped.png,1601,"{'gender': 'male', 'age': 'young'}",0,0,{},{},young,male
im305_flipped.png,1888,"{'gender': 'female', 'age': 'young'}",0,0,{},{},young,female
im306_flipped.png,1698,"{'gender': 'female', 'age': 'young'}",0,0,{},{},young,female
im307_flipped.png,1807,"{'gender': 'female', 'age': 'young'}",0,0,{},{},young,female
im308_flipped.png,1831,"{'gender': 'male', 'age': 'young'}",0,0,{},{},young,male
im309_flipped.png,1579,"{'gender': 'male', 'age': 'young'}",0,0,{},{},young,male
im310_flipped.png,1992,"{'gender': 'male', 'age': 'old'}",0,0,{},{},old,male
im311_flipped.png,1687,"{'gender': 'male', 'age': 'young'}",0,0,{},{},young,male
im312_flipped.png,1874,"{'gender': 'female', 'age': 'young'}",0,0,{},{},young,female
im313_flipped.png,1762,"{'gender': 'male', 'age': 'old'}",0,0,{},{},old,male
im314_flipped.png,1857,"{'gender': 'male', 'age': 'old'}",0,0,{},{},old,male
im315_flipped.png,1723,"{'gender': 'female', 'age': 'young'}",0,0,{},{},young,female
im316_flipped.png,1790,"{'gender': 'male', 'age': 'young'}",0,0,{},{},young,male
im317_flipped.png,1796,"{'gender': 'female', 'age': 'young'}",0,0,{},{},young,female
im318_flipped.png,1645,"{'gender': 'female', 'age': 'young'}",0,0,{},{},young,female
im319_flipped.png,1765,"{'gender': 'male', 'age': 'old'}",0,0,{},{},old,male
im320_flipped.png,1692,"{'gender': 'female', 'age': 'young'}",0,0,{},{},young,female
im321_flipped.png,1730,"{'gender': 'female', 'age': 'old'}",0,0,{},{},old,female
im322_flipped.png,1623,"{'gender': 'male', 'age': 'old'}",0,0,{},{},old,male
im323_flipped.png,1858,"{'gender': 'female', 'age': 'young'}",0,0,{},{},young,female
im324_flipped.png,1759,"{'gender': 'male', 'age': 'young'}",0,0,{},{},young,male
im325_flipped.png,1750,"{'gender': 'male', 'age': 'young'}",0,0,{},{},young,male
im326_flipped.png,1778,"{'gender': 'female', 'age': 'young'}",0,0,{},{},young,female
im327_flipped.png,1781,"{'gender': 'male', 'age': 'young'}",0,0,{},{},young,male
im328_flipped.png,1462,"{'gender': 'male', 'age': 'young'}",0,0,{},{},young,male
im329_flipped.png,1795,"{'gender': 'male', 'age': 'young'}",0,0,{},{},young,male
im330_flipped.png,1749,"{'gender': 'female', 'age': 'young'}",0,0,{},{},young,female
im332_flipped.png,1714,"{'gender': 'female', 'age': 'young'}",0,0,{},{},young,female
im333_flipped.png,1743,"{'gender': 'female', 'age': 'young'}",0,0,{},{},young,female
im334_flipped.png,1689,"{'gender': 'male', 'age': 'young'}",0,0,{},{},young,male
im335_flipped.png,1729,"{'gender': 'male', 'age': 'young'}",0,0,{},{},young,male
im336_flipped.png,1709,"{'gender': 'female', 'age': 'young'}",0,0,{},{},young,female
im337_flipped.png,1819,"{'gender': 'male', 'age': 'young'}",0,0,{},{},young,male
im338_flipped.png,1757,"{'gender': 'female', 'age': 'young'}",0,0,{},{},young,female
im339_flipped.png,1804,"{'gender': 'male', 'age': 'young'}",0,0,{},{},young,male
im340_flipped.png,1633,"{'gender': 'female', 'age': 'young'}",0,0,{},{},young,female
im341_flipped.png,1811,"{'gender': 'male', 'age': 'old'}",0,0,{},{},old,male
im342_flipped.png,1619,"{'gender': 'female', 'age': 'young'}",0,0,{},{},young,female
im343_flipped.png,1770,"{'gender': 'female', 'age': 'young'}",0,0,{},{},young,female
im344_flipped.png,1562,"{'gender': 'female', 'age': 'young'}",0,0,{},{},young,female
im345_flipped.png,1908,"{'gender': 'female', 'age': 'old'}",0,0,{},{},old,female
im346_flipped.png,1760,"{'gender': 'female', 'age': 'young'}",0,0,{},{},young,female
im347_flipped.png,1830,"{'gender': 'male', 'age': 'old'}",0,0,{},{},old,male
im348_flipped.png,1462,"{'gender': 'female', 'age': 'young'}",0,0,{},{},young,female
im349_flipped.png,1737,"{'gender': 'male', 'age': 'young'}",0,0,{},{},young,male
im350_flipped.png,1656,"{'gender': 'male', 'age': 'old'}",0,0,{},{},old,male
im351_flipped.png,1666,"{'gender': 'female', 'age': 'young'}",0,0,{},{},young,female
im352_flipped.png,1962,"{'gender': 'male', 'age': 'old'}",0,0,{},{},old,male
im353_flipped.png,1728,"{'gender': 'female', 'age': 'young'}",0,0,{},{},young,female
im354_flipped.png,1746,"{'gender': 'female', 'age': 'young'}",0,0,{},{},young,female
im355_flipped.png,1957,"{'gender': 'female', 'age': 'old'}",0,0,{},{},old,female
im356_flipped.png,1806,"{'gender': 'male', 'age': 'old'}",0,0,{},{},old,male
im357_flipped.png,1894,"{'gender': 'female', 'age': 'young'}",0,0,{},{},young,female
im358_flipped.png,1815,"{'gender': 'female', 'age': 'young'}",0,0,{},{},young,female
im359_flipped.png,1677,"{'gender': 'female', 'age': 'young'}",0,0,{},{},young,female
im360_flipped.png,1812,"{'gender': 'female', 'age': 'old'}",0,0,{},{},old,female
im361_flipped.png,1541,"{'gender': 'male', 'age': 'young'}",0,0,{},{},young,male
im362_flipped.png,1740,"{'gender': 'male', 'age': 'young'}",0,0,{},{},young,male
im363_flipped.png,1708,"{'gender': 'male', 'age': 'young'}",0,0,{},{},young,male
im364_flipped.png,1793,"{'gender': 'male', 'age': 'old'}",0,0,{},{},old,male
im365_flipped.png,1719,"{'gender': 'male', 'age': 'young'}",0,0,{},{},young,male
im366_flipped.png,1356,"{'gender': 'male', 'age': 'old'}",0,0,{},{},old,male
im367_flipped.png,1882,"{'gender': 'male', 'age': 'young'}",0,0,{},{},young,male
im368_flipped.png,1726,"{'gender': 'female', 'age': 'young'}",0,0,{},{},young,female
im369_flipped.png,1714,"{'gender': 'male', 'age': 'old'}",0,0,{},{},old,male
im370_flipped.png,1699,"{'gender': 'female', 'age': 'young'}",0,0,{},{},young,female
im371_flipped.png,1823,"{'gender': 'female', 'age': 'young'}",0,0,{},{},young,female
im372_flipped.png,1804,"{'gender': 'female', 'age': 'young'}",0,0,{},{},young,female
im373_flipped.png,1606,"{'gender': 'female', 'age': 'young'}",0,0,{},{},young,female
im374_flipped.png,1825,"{'gender': 'male', 'age': 'young'}",0,0,{},{},young,male
im375_flipped.png,1807,"{'gender': 'male', 'age': 'young'}",0,0,{},{},young,male
im376_flipped.png,1887,"{'gender': 'male', 'age': 'old'}",0,0,{},{},old,male
im377_flipped.png,1803,"{'gender': 'female', 'age': 'young'}",0,0,{},{},young,female
im378_flipped.png,1815,"{'gender': 'male', 'age': 'young'}",0,0,{},{},young,male
im379_flipped.png,1802,"{'gender': 'female', 'age': 'young'}",0,0,{},{},young,female
im380_flipped.png,1599,"{'gender': 'male', 'age': 'old'}",0,0,{},{},old,male
im381_flipped.png,1761,"{'gender': 'female', 'age': 'young'}",0,0,{},{},young,female
im382_flipped.png,1596,"{'gender': 'female', 'age': 'young'}",0,0,{},{},young,female
im383_flipped.png,1812,"{'gender': 'female', 'age': 'young'}",0,0,{},{},young,female
im384_flipped.png,1817,"{'gender': 'female', 'age': 'young'}",0,0,{},{},young,female
im385_flipped.png,1820,"{'gender': 'female', 'age': 'young'}",0,0,{},{},young,female
im386_flipped.png,1829,"{'gender': 'male', 'age': 'old'}",0,0,{},{},old,male
im387_flipped.png,1946,"{'gender': 'male', 'age': 'old'}",0,0,{},{},old,male
im388_flipped.png,1611,"{'gender': 'male', 'age': 'young'}",0,0,{},{},young,male
im389_flipped.png,1679,"{'gender': 'male', 'age': 'young'}",0,0,{},{},young,male
im390_flipped.png,1769,"{'gender': 'female', 'age': 'young'}",0,0,{},{},young,female
im391_flipped.png,1932,"{'gender': 'male', 'age': 'young'}",0,0,{},{},young,male
im392_flipped.png,1743,"{'gender': 'male', 'age': 'young'}",0,0,{},{},young,male
im393_flipped.png,1761,"{'gender': 'male', 'age': 'young'}",0,0,{},{},young,male
im394_flipped.png,1856,"{'gender': 'male', 'age': 'young'}",0,0,{},{},young,male
im395_flipped.png,2054,"{'gender': 'female', 'age': 'young'}",0,0,{},{},young,female
im396_flipped.png,1872,"{'gender': 'male', 'age': 'young'}",0,0,{},{},young,male
im397_flipped.png,1822,"{'gender': 'female', 'age': 'young'}",0,0,{},{},young,female
im398_flipped.png,1707,"{'gender': 'male', 'age': 'young'}",0,0,{},{},young,male
im400_flipped.png,1885,"{'gender': 'male', 'age': 'young'}",0,0,{},{},young,male
im401_flipped.png,1828,"{'gender': 'male', 'age': 'young'}",0,0,{},{},young,male
im402_flipped.png,1683,"{'gender': 'female', 'age': 'young'}",0,0,{},{},young,female
im403_flipped.png,1783,"{'gender': 'female', 'age': 'young'}",0,0,{},{},young,female
im404_flipped.png,1810,"{'gender': 'female', 'age': 'young'}",0,0,{},{},young,female
im406_flipped.png,1771,"{'gender': 'female', 'age': 'young'}",0,0,{},{},young,female
im407_flipped.png,1770,"{'gender': 'female', 'age': 'young'}",0,0,{},{},young,female
im408_flipped.png,1829,"{'gender': 'male', 'age': 'old'}",0,0,{},{},old,male
im409_flipped.png,1741,"{'gender': 'female', 'age': 'young'}",0,0,{},{},young,female
im410_flipped.png,1762,"{'gender': 'female', 'age': 'young'}",0,0,{},{},young,female
im411_flipped.png,1608,"{'gender': 'male', 'age': 'old'}",0,0,{},{},old,male
im412_flipped.png,1891,"{'gender': 'female', 'age': 'young'}",0,0,{},{},young,female
im413_flipped.png,1815,"{'gender': 'female', 'age': 'young'}",0,0,{},{},young,female
im414_flipped.png,1465,"{'gender': 'male', 'age': 'young'}",0,0,{},{},young,male
im416_flipped.png,1600,"{'gender': 'female', 'age': 'young'}",0,0,{},{},young,female
im417_flipped.png,1701,"{'gender': 'male', 'age': 'young'}",0,0,{},{},young,male
im418_flipped.png,1371,"{'gender': 'male', 'age': 'old'}",0,0,{},{},old,male
im419_flipped.png,1624,"{'gender': 'female', 'age': 'young'}",0,0,{},{},young,female
im420_flipped.png,1918,"{'gender': 'male', 'age': 'young'}",0,0,{},{},young,male
im421_flipped.png,1718,"{'gender': 'male', 'age': 'old'}",0,0,{},{},old,male
im423_flipped.png,1785,"{'gender': 'female', 'age': 'young'}",0,0,{},{},young,female
im424_flipped.png,1721,"{'gender': 'female', 'age': 'young'}",0,0,{},{},young,female
im425_flipped.png,1942,"{'gender': 'male', 'age': 'young'}",0,0,{},{},young,male
im427_flipped.png,1881,"{'gender': 'male', 'age': 'old'}",0,0,{},{},old,male
im428_flipped.png,1718,"{'gender': 'female', 'age': 'young'}",0,0,{},{},young,female
im429_flipped.png,1613,"{'gender': 'female', 'age': 'young'}",0,0,{},{},young,female
im430_flipped.png,1734,"{'gender': 'female', 'age': 'young'}",0,0,{},{},young,female
im431_flipped.png,1711,"{'gender': 'female', 'age': 'young'}",0,0,{},{},young,female
im432_flipped.png,1911,"{'gender': 'female', 'age': 'young'}",0,0,{},{},young,female
im433_flipped.png,1618,"{'gender': 'female', 'age': 'young'}",0,0,{},{},young,female
im434_flipped.png,1802,"{'gender': 'female', 'age': 'young'}",0,0,{},{},young,female
im435_flipped.png,1838,"{'gender': 'male', 'age': 'young'}",0,0,{},{},young,male
im436_flipped.png,1616,"{'gender': 'female', 'age': 'young'}",0,0,{},{},young,female
im437_flipped.png,1460,"{'gender': 'male', 'age': 'young'}",0,0,{},{},young,male
im438_flipped.png,1776,"{'gender': 'female', 'age': 'young'}",0,0,{},{},young,female
im439_flipped.png,1796,"{'gender': 'female', 'age': 'young'}",0,0,{},{},young,female
im440_flipped.png,1665,"{'gender': 'female', 'age': 'old'}",0,0,{},{},old,female
im441_flipped.png,1724,"{'gender': 'female', 'age': 'young'}",0,0,{},{},young,female
im442_flipped.png,1724,"{'gender': 'male', 'age': 'young'}",0,0,{},{},young,male
im443_flipped.png,1755,"{'gender': 'female', 'age': 'young'}",0,0,{},{},young,female
im444_flipped.png,1627,"{'gender': 'male', 'age': 'young'}",0,0,{},{},young,male
im445_flipped.png,1594,"{'gender': 'male', 'age': 'young'}",0,0,{},{},young,male
im446_flipped.png,1593,"{'gender': 'female', 'age': 'young'}",0,0,{},{},young,female
im447_flipped.png,1764,"{'gender': 'female', 'age': 'old'}",0,0,{},{},old,female
im448_flipped.png,1716,"{'gender': 'male', 'age': 'old'}",0,0,{},{},old,male
im449_flipped.png,1709,"{'gender': 'female', 'age': 'young'}",0,0,{},{},young,female
